{
	 "rootnode": {
		 "name": "puck.obj"
		,"transformation": [
			 1
			,0
			,0
			,0
			,0
			,1
			,0
			,0
			,0
			,0
			,1
			,0
			,0
			,0
			,0
			,1
		]
		,"children": [
			{
				 "name": "defaultobject"
				,"transformation": [
					 1
					,0
					,0
					,0
					,0
					,1
					,0
					,0
					,0
					,0
					,1
					,0
					,0
					,0
					,0
					,1
				]
				,"meshes": [
					 0
				]
			}
		]
	}
	,"flags": 8
	,"meshes": [
		{
			 "name": ""
			,"materialindex": 0
			,"primitivetypes": 4
			,"vertices": [
				 0.787408
				,0.0502
				,0.623425
				,-0.098291
				,0.0502
				,-0.997974
				,0.274642
				,0.0502
				,-0.966045
				,0.99761
				,0.2502
				,0.115955
				,0.966045
				,0.2502
				,-0.27464
				,0.832529
				,0.2502
				,-0.165598
				,0.623425
				,0.0502
				,-0.787408
				,-0.765062
				,0.0502
				,-0.650654
				,-0.488901
				,0.2502
				,-0.877295
				,-0.45783
				,0.0502
				,-0.893903
				,0.877298
				,0.0502
				,-0.488896
				,0.115954
				,0.2502
				,0.99761
				,0.261736
				,0.250173
				,0.811326
				,-0.068668
				,0.250173
				,0.849729
				,0.99761
				,0.0502
				,-0.115954
				,-0.27464
				,0.2502
				,0.966045
				,0.966045
				,0.0502
				,0.274641
				,0.382684
				,0.2502
				,0.92388
				,0.636171
				,0.2502
				,0.775177
				,0.552293
				,0.250173
				,0.649406
				,0.849729
				,0.250173
				,0.068671
				,-0.650654
				,0.0502
				,0.765062
				,-0.877296
				,0.2502
				,0.488898
				,-0.893903
				,0.0502
				,0.45783
				,0.877297
				,0.2502
				,0.488897
				,0.758768
				,0.250173
				,0.38862
				,0.55557
				,0.0502
				,0.83147
				,0.382683
				,0.0502
				,0.92388
				,0.080898
				,0.0502
				,1.00106
				,0.78741
				,0.2502
				,-0.623423
				,0.744675
				,0.250173
				,-0.414986
				,-0.30835
				,0.0502
				,0.955819
				,-0.623423
				,0.2502
				,0.78741
				,-0.324835
				,0.2502
				,0.784226
				,-0.529177
				,0.250167
				,0.668373
				,-0.753192
				,0.250167
				,0.402592
				,-1.00106
				,0.0502
				,0.080898
				,-0.997609
				,0.2502
				,0.115957
				,-0.847109
				,0.250177
				,0.083436
				,-0.955819
				,0.0502
				,-0.30835
				,-0.966046
				,0.2502
				,-0.274638
				,-0.817263
				,0.250167
				,-0.24791
				,-0.787411
				,0.2502
				,-0.623421
				,-0.657996
				,0.250177
				,-0.539997
				,-0.414993
				,0.250173
				,-0.744671
				,2e-06
				,0.2502
				,-1
				,-0.195097
				,0.2502
				,-0.980784
				,0.762577
				,0.250204
				,-0.061624
				,0.37242
				,0.250236
				,-0.668284
				,0.088328
				,0.250236
				,-0.759933
				,0.529181
				,0.250173
				,-0.668372
				,0.538654
				,0.2502
				,-0.538651
				,0.680935
				,0.250236
				,-0.348752
				,0.308351
				,0.2502
				,-0.955819
				,0.582788
				,0.250236
				,0.49564
				,0.728099
				,0.250236
				,0.234888
				,0.423216
				,0.2502
				,0.633389
				,0.209209
				,0.250236
				,0.735889
				,-0.088327
				,0.250236
				,0.759934
				,-0.372417
				,0.250236
				,0.668286
				,-0.590495
				,0.250231
				,0.48461
				,-0.703783
				,0.2502
				,0.291519
				,-0.760213
				,0.250231
				,0.074878
				,-0.73589
				,0.250236
				,-0.209205
				,-0.599814
				,0.250236
				,-0.474893
				,-0.423221
				,0.2502
				,-0.633386
				,-0.209213
				,0.250236
				,-0.735887
				,0.157012
				,0.150247
				,-0.789346
				,1e-06
				,0.150247
				,-0.80481
				,0.307989
				,0.150247
				,-0.743547
				,0.44713
				,0.150247
				,-0.669174
				,0.569088
				,0.150247
				,-0.569086
				,0.669176
				,0.150247
				,-0.447127
				,0.743549
				,0.150247
				,-0.307986
				,-0.098428
				,0.250176
				,-0.8468
				,0.789347
				,0.150247
				,-0.157009
				,0.80474
				,0.150241
				,0.07921
				,0.743548
				,0.150247
				,0.307989
				,0.669175
				,0.150247
				,0.44713
				,0.569087
				,0.150247
				,0.569088
				,0.447129
				,0.150247
				,0.669176
				,0.307988
				,0.150247
				,0.743548
				,0.157011
				,0.150247
				,0.789347
				,1e-06
				,0.150247
				,0.804811
				,-0.15701
				,0.150247
				,0.789347
				,-0.307986
				,0.150247
				,0.743549
				,-0.447127
				,0.150247
				,0.669177
				,-0.569086
				,0.150247
				,0.569089
				,-0.708418
				,0.151739
				,0.3881
				,0.555572
				,0.2502
				,-0.831469
				,-0.789346
				,0.150247
				,0.157014
				,-0.804811
				,0.150247
				,4e-06
				,-0.770523
				,0.151739
				,-0.242431
				,0.233124
				,0.250173
				,-0.820004
				,-0.669178
				,0.150247
				,-0.447125
				,-0.506009
				,0.14875
				,-0.62961
				,-0.307993
				,0.150247
				,-0.743546
				,-0.157016
				,0.150247
				,-0.789345
			]
			,